Iteration,Alpha
0,"0.5013255299719273,0.4986744700280728"
1,"0.5013378562991478,0.4986621437008521"
2,"0.5015635554027587,0.4984364445972414"
3,"0.5017586599953532,0.4982413400046467"
4,"0.5018455899410273,0.49815441005897276"
5,"0.5016898409319088,0.4983101590680912"
6,"0.5017781899179437,0.49822181008205635"
7,"0.501327711704479,0.49867228829552107"
8,"0.5009123670051644,0.49908763299483566"
9,"0.5015420665445411,0.4984579334554588"
10,"0.5019792452246398,0.4980207547753603"
11,"0.5011132174790855,0.4988867825209145"
12,"0.5008964392842247,0.4991035607157754"
13,"0.500399828687286,0.4996001713127139"
14,"0.4987515376414435,0.5012484623585566"
15,"0.4994509347746373,0.5005490652253627"
16,"0.5005437191676175,0.49945628083238247"
17,"0.5000499200296777,0.4999500799703222"
18,"0.49922683938046103,0.5007731606195389"
19,"0.4987481971256833,0.5012518028743167"
20,"0.49813935029819245,0.5018606497018075"
21,"0.49768345002608255,0.5023165499739175"
22,"0.49731859678584256,0.5026814032141573"
23,"0.49775751822783837,0.5022424817721616"
24,"0.49860908593611425,0.5013909140638858"
25,"0.49952262328213426,0.5004773767178657"
26,"0.5008670105481301,0.49913298945187"
27,"0.501699772125547,0.49830022787445305"
28,"0.5020954571951234,0.49790454280487656"
29,"0.503463246367172,0.496536753632828"
30,"0.5029916241627946,0.4970083758372054"
31,"0.5025180206927792,0.49748197930722077"
32,"0.5037672593187688,0.49623274068123124"
33,"0.5053797973349344,0.49462020266506557"
34,"0.5066484685575193,0.4933515314424807"
35,"0.5061777813811872,0.4938222186188128"
36,"0.5071576004106482,0.4928423995893518"
37,"0.5068839975740855,0.49311600242591447"
38,"0.5059655583122168,0.49403444168778315"
39,"0.5054795913853836,0.49452040861461644"
40,"0.5059669166376858,0.49403308336231416"
41,"0.5061860948661645,0.4938139051338355"
42,"0.5076537437198255,0.49234625628017453"
43,"0.5079864375417552,0.4920135624582448"
44,"0.5083693666012654,0.49163063339873464"
45,"0.5095282062595287,0.49047179374047134"
46,"0.5108457033070551,0.48915429669294475"
47,"0.5104261480961566,0.48957385190384334"
48,"0.509777019558566,0.49022298044143403"
49,"0.5106065085466636,0.48939349145333644"
50,"0.5112767554622387,0.48872324453776134"
51,"0.5112403173365687,0.4887596826634313"
52,"0.5119471873808221,0.48805281261917793"
53,"0.5116902495346353,0.48830975046536473"
54,"0.5119065273939839,0.48809347260601615"
55,"0.5119020160432843,0.4880979839567158"
56,"0.5123175789962082,0.4876824210037918"
57,"0.511346032125994,0.4886539678740059"
58,"0.5113971463368647,0.4886028536631353"
59,"0.5123660081118495,0.4876339918881505"
60,"0.5132517658353943,0.4867482341646056"
61,"0.5138091102221483,0.4861908897778517"
62,"0.5150740359996154,0.48492596400038457"
63,"0.5146810769611394,0.48531892303886054"
64,"0.5149734782656726,0.48502652173432736"
65,"0.5161848222965818,0.48381517770341814"
66,"0.5165529274106601,0.48344707258933994"
67,"0.5162714141135404,0.4837285858864595"
68,"0.5176541413082666,0.4823458586917334"
69,"0.5182138920625458,0.48178610793745413"
70,"0.5184557169560781,0.48154428304392194"
71,"0.5186436510747418,0.4813563489252583"
72,"0.5187125784744201,0.4812874215255798"
73,"0.518559083783894,0.48144091621610585"
74,"0.5186289777733026,0.4813710222266974"
75,"0.5198033447056493,0.48019665529435074"
76,"0.5201228841532899,0.47987711584671017"
77,"0.5211688814857479,0.47883111851425203"
78,"0.5213985317760325,0.4786014682239675"
79,"0.521347311563335,0.47865268843666503"
80,"0.5202608524261275,0.4797391475738725"
81,"0.5207987555992846,0.4792012444007155"
82,"0.5202907929423363,0.47970920705766373"
83,"0.5197801320077554,0.48021986799224464"
84,"0.520941593264365,0.479058406735635"
85,"0.521987404978608,0.4780125950213921"
86,"0.5232210018479438,0.47677899815205627"
87,"0.5245744827488708,0.47542551725112925"
88,"0.5245498217451336,0.4754501782548664"
89,"0.5244464321612099,0.47555356783879005"
90,"0.523760410195518,0.4762395898044821"
91,"0.5234442431729643,0.4765557568270357"
92,"0.5237540861112667,0.4762459138887333"
93,"0.524244263930524,0.47575573606947597"
94,"0.524221978766768,0.47577802123323193"
95,"0.5241405135268705,0.4758594864731295"
96,"0.523825148634824,0.47617485136517596"
97,"0.52431068787595,0.47568931212404997"
98,"0.523750538074596,0.4762494619254039"
99,"0.5238861894730483,0.4761138105269517"
100,"0.5239652732192611,0.4760347267807389"
101,"0.5240130511553543,0.47598694884464565"
102,"0.5237016936518709,0.47629830634812914"
103,"0.5231409064690862,0.4768590935309138"
104,"0.5238736334885314,0.47612636651146856"
105,"0.5231561633282036,0.4768438366717964"
106,"0.5234271148467464,0.4765728851532536"
107,"0.5243122546070151,0.475687745392985"
108,"0.5240191807103702,0.4759808192896297"
109,"0.5228425425652823,0.47715745743471766"
110,"0.522751719007823,0.4772482809921771"
111,"0.5221190837639964,0.47788091623600354"
112,"0.5223136505014869,0.47768634949851313"
113,"0.5223136505014869,0.47768634949851313"
114,"0.522486915871541,0.47751308412845916"
115,"0.5226378273007847,0.4773621726992154"
116,"0.5227319206935728,0.47726807930642723"
117,"0.5226562769165155,0.47734372308348444"
118,"0.523314456645094,0.4766855433549061"
119,"0.5248216421342647,0.4751783578657352"
120,"0.5246671246850846,0.4753328753149154"
121,"0.5246821864937665,0.4753178135062335"
122,"0.524767087017017,0.4752329129829829"
123,"0.5250233120612816,0.47497668793871833"
124,"0.5256665222527737,0.47433347774722634"
125,"0.5262623138602622,0.4737376861397378"
126,"0.5259522450129259,0.474047754987074"
127,"0.5264703867298954,0.47352961327010457"
128,"0.5264141079688203,0.47358589203117973"
129,"0.5272617958238074,0.47273820417619267"
130,"0.5270903484514048,0.4729096515485952"
131,"0.5271288336621079,0.4728711663378921"
132,"0.5274185823097184,0.4725814176902816"
133,"0.5272358974322273,0.4727641025677728"
134,"0.5272938127396066,0.4727061872603935"
135,"0.5272735586629993,0.47272644133700076"
136,"0.5270970303599151,0.4729029696400848"
137,"0.5273640350742864,0.4726359649257137"
138,"0.5279231358528961,0.47207686414710404"
139,"0.528598550007321,0.47140144999267886"
140,"0.528794282505403,0.47120571749459705"
141,"0.5288337837178895,0.4711662162821104"
142,"0.5294852912662141,0.4705147087337858"
143,"0.5301473472635145,0.4698526527364854"
144,"0.5306096391602948,0.4693903608397052"
145,"0.5306853782550498,0.46931462174495026"
146,"0.530401124112683,0.46959887588731697"
147,"0.5301517169976844,0.4698482830023156"
148,"0.5305294412280087,0.4694705587719913"
149,"0.5302061621699389,0.469793837830061"
150,"0.5300924156096958,0.4699075843903042"
151,"0.5303376390517621,0.4696623609482378"
152,"0.5307125069704084,0.4692874930295915"
153,"0.5310849652005527,0.46891503479944724"
154,"0.5309398892329685,0.46906011076703147"
155,"0.5308591633555934,0.46914083664440664"
156,"0.5305837762985973,0.4694162237014026"
157,"0.529200126627708,0.470799873372292"
158,"0.5292987881859404,0.47070121181405944"
159,"0.5292422519449125,0.4707577480550876"
160,"0.5295520456488376,0.4704479543511625"
161,"0.5290810231943536,0.47091897680564654"
162,"0.5286753377247895,0.4713246622752106"
163,"0.5279341378374962,0.47206586216250374"
164,"0.5276983254687873,0.4723016745312127"
165,"0.5276138957239495,0.47238610427605054"
166,"0.5284614725081971,0.4715385274918029"
167,"0.528815018120374,0.47118498187962593"
168,"0.5292350146828921,0.47076498531710775"
169,"0.528781055186651,0.471218944813349"
170,"0.5288471381326674,0.4711528618673327"
171,"0.528906402646692,0.4710935973533081"
172,"0.5289535145933432,0.4710464854066569"
173,"0.528855279194924,0.47114472080507597"
174,"0.5286724796856909,0.47132752031430913"
175,"0.5278774547488649,0.47212254525113506"
176,"0.5278754873831938,0.47212451261680616"
177,"0.5281343219828484,0.4718656780171515"
178,"0.528816918938243,0.471183081061757"
179,"0.5287991896816155,0.47120081031838446"
180,"0.5291275547536554,0.4708724452463446"
181,"0.5293630800780177,0.47063691992198226"
182,"0.5295240577247108,0.47047594227528927"
183,"0.5290369191539612,0.4709630808460388"
184,"0.5290297129417103,0.4709702870582897"
185,"0.5290178520536536,0.47098214794634635"
186,"0.5287982344890086,0.4712017655109914"
187,"0.528283541064993,0.4717164589350071"
188,"0.5282325572181445,0.4717674427818554"
189,"0.5275079181038892,0.47249208189611086"
190,"0.5281257531141733,0.4718742468858267"
191,"0.528651399685931,0.47134860031406894"
192,"0.5288216014540872,0.47117839854591287"
193,"0.5283303769005655,0.47166962309943444"
194,"0.5286433446255607,0.4713566553744393"
195,"0.5287470991416467,0.4712529008583533"
196,"0.528602351531219,0.4713976484687809"
197,"0.5286189663877511,0.4713810336122489"
198,"0.5284535149641326,0.4715464850358673"
199,"0.5286590374527664,0.4713409625472335"
200,"0.5283646537409242,0.4716353462590757"
201,"0.5278843593855032,0.4721156406144968"
202,"0.5282689278272159,0.4717310721727841"
203,"0.528442143124244,0.4715578568757561"
204,"0.5289507248565802,0.47104927514341977"
205,"0.5287569922525177,0.47124300774748235"
206,"0.5286733356060563,0.4713266643939436"
207,"0.5291690462853605,0.4708309537146395"
208,"0.5291936242779591,0.4708063757220408"
209,"0.5291356790718732,0.4708643209281268"
210,"0.5290965182341754,0.4709034817658247"
211,"0.5289678823838242,0.4710321176161758"
212,"0.5287362408938525,0.4712637591061475"
213,"0.5286539098567595,0.4713460901432406"
214,"0.5289072463712641,0.471092753628736"
215,"0.5293683674155192,0.4706316325844808"
216,"0.5293158060561742,0.4706841939438257"
217,"0.5301737884434186,0.46982621155658144"
218,"0.5302950184576507,0.4697049815423493"
219,"0.5302044548220759,0.4697955451779242"
220,"0.5296500516763215,0.4703499483236786"
221,"0.5294934554632044,0.47050654453679563"
222,"0.5295252491365191,0.47047475086348084"
223,"0.529522015286778,0.47047798471322205"
224,"0.5293791208434092,0.47062087915659073"
225,"0.5293861524941836,0.4706138475058164"
226,"0.5296493623122183,0.47035063768778174"
227,"0.5296505954238173,0.47034940457618274"
228,"0.5294987364891086,0.47050126351089144"
229,"0.5300941161862839,0.46990588381371606"
230,"0.5299451310627561,0.47005486893724396"
231,"0.5295690094993429,0.4704309905006571"
232,"0.5300289622265411,0.46997103777345894"
233,"0.5300330370052242,0.46996696299477586"
234,"0.529892508700817,0.47010749129918294"
235,"0.5294264270016856,0.4705735729983144"
236,"0.5287716263675266,0.47122837363247344"
237,"0.5292018065627884,0.4707981934372117"
238,"0.5292445248255228,0.4707554751744773"
239,"0.5300297659956323,0.4699702340043677"
240,"0.5308566626922188,0.4691433373077812"
241,"0.5307995107625024,0.46920048923749763"
242,"0.5307605878770769,0.46923941212292314"
243,"0.5309159063473768,0.46908409365262327"
244,"0.5304856547296618,0.4695143452703382"
245,"0.5305751161877291,0.4694248838122708"
246,"0.5308386067967819,0.4691613932032182"
247,"0.5308148484312603,0.4691851515687397"
248,"0.5318586565659411,0.468141343434059"
249,"0.5320756065417175,0.4679243934582825"
250,"0.5322749309214935,0.46772506907850653"
251,"0.5325821025828361,0.46741789741716394"
252,"0.5327411595866693,0.46725884041333066"
253,"0.532477129991654,0.467522870008346"
254,"0.5325416653274619,0.46745833467253806"
255,"0.5325471348157683,0.4674528651842316"
256,"0.5324008590920603,0.4675991409079397"
257,"0.532276052303939,0.4677239476960609"
258,"0.5321391916616245,0.46786080833837546"
259,"0.5321694316573219,0.46783056834267805"
260,"0.5321525993249228,0.4678474006750773"
261,"0.5319232419402836,0.4680767580597164"
262,"0.5322333388750161,0.4677666611249839"
263,"0.5325198878056275,0.46748011219437247"
264,"0.5326028021960504,0.4673971978039496"
265,"0.5323937204117637,0.46760627958823636"
266,"0.5324571525726712,0.4675428474273288"
267,"0.532407030182687,0.46759296981731313"
268,"0.532890228163655,0.46710977183634494"
269,"0.5326975809515272,0.4673024190484728"
270,"0.5319656387038251,0.46803436129617493"
271,"0.5317941463402598,0.46820585365974016"
272,"0.5320482855867712,0.46795171441322875"
273,"0.5317290908768992,0.46827090912310065"
274,"0.5314481385537789,0.4685518614462211"
275,"0.532098628120124,0.467901371879876"
276,"0.5322885314027276,0.4677114685972724"
277,"0.5322493019570083,0.46775069804299174"
278,"0.5322469847972379,0.46775301520276213"
279,"0.5328801569335659,0.467119843066434"
280,"0.5327938501926669,0.4672061498073331"
281,"0.5328321990585224,0.46716780094147764"
282,"0.5331380979009406,0.46686190209905937"
283,"0.5328456372080216,0.46715436279197853"
284,"0.5326274128658818,0.46737258713411817"
285,"0.5331164492768896,0.4668835507231104"
286,"0.5333450641086591,0.4666549358913409"
287,"0.5338913443802166,0.4661086556197835"
288,"0.5336066733987491,0.4663933266012509"
289,"0.5336656640127502,0.46633433598724977"
290,"0.5337228862178979,0.4662771137821021"
291,"0.534137862502812,0.4658621374971879"
292,"0.5339280659976066,0.46607193400239344"
293,"0.5346549942085643,0.4653450057914356"
294,"0.5350633412380338,0.4649366587619662"
295,"0.5349854727507168,0.46501452724928316"
296,"0.5351456536167912,0.4648543463832088"
297,"0.535366652588666,0.46463334741133405"
298,"0.5354481563657247,0.46455184363427526"
299,"0.5358974834185362,0.46410251658146384"
300,"0.5360180055411916,0.4639819944588084"
301,"0.5359645057252008,0.46403549427479923"
302,"0.5356169901344067,0.46438300986559344"
303,"0.5353640675356628,0.46463593246433726"
304,"0.5352285197136379,0.464771480286362"
305,"0.5350993840248235,0.46490061597517646"
306,"0.5349165693479356,0.4650834306520644"
307,"0.5351608214873366,0.4648391785126635"
308,"0.5353462828055293,0.4646537171944707"
309,"0.5353004210173258,0.4646995789826742"
310,"0.5361887267074528,0.4638112732925473"
311,"0.5368876112974884,0.46311238870251153"
312,"0.5369391111519572,0.46306088884804275"
313,"0.5369107516547129,0.4630892483452872"
314,"0.5375904935100814,0.4624095064899186"
315,"0.5380459799182165,0.46195402008178366"
316,"0.5383545973770549,0.46164540262294507"
317,"0.5388853925248183,0.4611146074751816"
318,"0.5390477343622152,0.4609522656377848"
319,"0.5394180349845961,0.460581965015404"
320,"0.5392913853629671,0.46070861463703294"
321,"0.5390740523696135,0.4609259476303866"
322,"0.5391151587044306,0.4608848412955694"
323,"0.53887980660384,0.4611201933961599"
324,"0.5391523877474064,0.4608476122525936"
325,"0.5386904178186389,0.4613095821813611"
326,"0.538032288215645,0.46196771178435503"
327,"0.5377012824700362,0.46229871752996377"
328,"0.5377996664286189,0.4622003335713812"
329,"0.5377883982072595,0.4622116017927405"
330,"0.5386568164589284,0.4613431835410716"
331,"0.5377093968284014,0.4622906031715986"
332,"0.5377896694559637,0.46221033054403626"
333,"0.5377196254219674,0.4622803745780326"
334,"0.5381184156134416,0.4618815843865584"
335,"0.5384115081212273,0.46158849187877266"
336,"0.5391624954617001,0.4608375045382998"
337,"0.5394814108020611,0.4605185891979389"
338,"0.5391651964158041,0.4608348035841959"
339,"0.5407554027843279,0.459244597215672"
340,"0.5411209078839472,0.4588790921160529"
341,"0.5411310048601128,0.4588689951398872"
342,"0.5413179786461836,0.4586820213538163"
343,"0.5413430128479171,0.458656987152083"
344,"0.541364221099998,0.45863577890000196"
345,"0.5420295146396746,0.4579704853603255"
346,"0.5420070852070732,0.4579929147929268"
347,"0.5416358566149327,0.4583641433850673"
348,"0.5415924348063271,0.4584075651936729"
349,"0.5417808486732254,0.45821915132677454"
350,"0.5420458554090184,0.45795414459098166"
351,"0.5423760340514863,0.45762396594851373"
352,"0.5425979397244253,0.4574020602755748"
353,"0.5431937608878158,0.45680623911218415"
354,"0.5434476679472992,0.4565523320527008"
355,"0.5436327026927412,0.4563672973072589"
356,"0.5435913008518964,0.4564086991481036"
357,"0.5437291568644349,0.45627084313556515"
358,"0.544924201881515,0.455075798118485"
359,"0.5448912826779404,0.45510871732205965"
360,"0.5449433461930088,0.45505665380699123"
361,"0.5451164619493004,0.45488353805069953"
362,"0.5452831550892572,0.45471684491074277"
363,"0.5457476065573307,0.45425239344266943"
364,"0.5457262281106485,0.4542737718893514"
365,"0.5451929540686848,0.45480704593131516"
366,"0.545102029102528,0.4548979708974719"
367,"0.5448596264543737,0.4551403735456263"
368,"0.5449728973002874,0.4550271026997125"
369,"0.5448439242464539,0.45515607575354616"
370,"0.5445726394923152,0.4554273605076849"
371,"0.5453472068130769,0.45465279318692314"
372,"0.5457580727324821,0.45424192726751794"
373,"0.5455477583299715,0.45445224167002857"
374,"0.5457387845766196,0.45426121542338044"
375,"0.5457001115370975,0.45429988846290253"
376,"0.5454571004491797,0.45454289955082033"
377,"0.5456649319027339,0.4543350680972661"
378,"0.5456078450939045,0.45439215490609547"
379,"0.5452454604841454,0.45475453951585465"
380,"0.5451933138732794,0.4548066861267205"
381,"0.5450483169490389,0.4549516830509611"
382,"0.5452299417564165,0.45477005824358346"
383,"0.5453007381392986,0.4546992618607014"
384,"0.5450135268795913,0.4549864731204088"
385,"0.54471251691282,0.4552874830871801"
386,"0.544777344016767,0.45522265598323297"
387,"0.5446769292212262,0.4553230707787737"
388,"0.5448024391456557,0.4551975608543443"
389,"0.5450315048575811,0.4549684951424189"
390,"0.5443848671008551,0.4556151328991449"
391,"0.5443848671008551,0.4556151328991449"
392,"0.543954511331044,0.456045488668956"
393,"0.5440106798386452,0.45598932016135485"
394,"0.5440132606880881,0.4559867393119119"
395,"0.5438747659045209,0.45612523409547906"
396,"0.5438876890730268,0.45611231092697324"
397,"0.5438006412075456,0.4561993587924545"
398,"0.5439339155603651,0.4560660844396349"
399,"0.5435940490681523,0.4564059509318476"
400,"0.5436657815949405,0.4563342184050595"
401,"0.5443651080597307,0.45563489194026924"
402,"0.5444080954406746,0.45559190455932536"
403,"0.5443575411724657,0.4556424588275343"
404,"0.5443915760901776,0.4556084239098223"
405,"0.5444734134151397,0.45552658658486034"
406,"0.5441037326314356,0.4558962673685644"
407,"0.5447478156117489,0.455252184388251"
408,"0.5448319873777937,0.45516801262220624"
409,"0.5449092081998794,0.4550907918001206"
410,"0.545084376211933,0.45491562378806705"
411,"0.5451303176835829,0.4548696823164172"
412,"0.5450166574506311,0.45498334254936895"
413,"0.5450197535505572,0.4549802464494428"
414,"0.545246494402827,0.4547535055971729"
415,"0.5450057435647545,0.4549942564352454"
416,"0.5455374734957789,0.4544625265042211"
417,"0.5453770253901504,0.4546229746098495"
418,"0.5448912584854516,0.45510874151454844"
419,"0.5446723190231817,0.4553276809768183"
420,"0.5458784795404211,0.45412152045957893"
421,"0.5458273860399436,0.4541726139600563"
422,"0.5459327058553486,0.4540672941446515"
423,"0.5457459397876351,0.454254060212365"
424,"0.5457122517215605,0.4542877482784396"
425,"0.5458743787494734,0.45412562125052663"
426,"0.5458673050705078,0.45413269492949226"
427,"0.5458184129656087,0.4541815870343912"
428,"0.54574829385753,0.45425170614247007"
429,"0.5461517657461289,0.4538482342538711"
430,"0.5465270640020341,0.4534729359979659"
431,"0.5457420982436325,0.45425790175636743"
432,"0.5454285585339023,0.45457144146609774"
433,"0.5451173179520749,0.45488268204792526"
434,"0.5450051652649309,0.4549948347350691"
435,"0.545317744838511,0.4546822551614889"
436,"0.5454516064895246,0.4545483935104753"
437,"0.5450096823217153,0.45499031767828474"
438,"0.544947168542163,0.45505283145783704"
439,"0.5451764104382202,0.4548235895617799"
440,"0.5448290893961912,0.45517091060380876"
441,"0.5446683144463141,0.45533168555368586"
442,"0.5448446182128809,0.4551553817871192"
443,"0.544914820955496,0.45508517904450396"
444,"0.5450602502962604,0.4549397497037395"
445,"0.5457793124011736,0.45422068759882644"
446,"0.5458824751397027,0.4541175248602973"
447,"0.5465375133707442,0.45346248662925576"
448,"0.5465088938762699,0.4534911061237301"
449,"0.5463088696584202,0.4536911303415798"
450,"0.5466869495901472,0.4533130504098529"
451,"0.5464869294758574,0.4535130705241426"
452,"0.5469998665144106,0.4530001334855893"
453,"0.5472518808776107,0.4527481191223894"
454,"0.5471408673180455,0.4528591326819546"
455,"0.5472738312790789,0.452726168720921"
456,"0.5470652505435739,0.4529347494564261"
457,"0.5469799330652281,0.45302006693477187"
458,"0.5467674184898059,0.453232581510194"
459,"0.5467144038853851,0.4532855961146149"
460,"0.5458321841907472,0.45416781580925275"
461,"0.5456054414414521,0.4543945585585479"
462,"0.5458195826736856,0.4541804173263145"
463,"0.5458852230716904,0.4541147769283097"
464,"0.5456856984780725,0.45431430152192753"
465,"0.5457350407816923,0.4542649592183076"
466,"0.5457217577607545,0.45427824223924546"
467,"0.5460877173698411,0.4539122826301589"
468,"0.5466175256109935,0.45338247438900653"
469,"0.5468429805965358,0.4531570194034642"
470,"0.5468600373239408,0.45313996267605916"
471,"0.5469635499508825,0.4530364500491176"
472,"0.5474565692651451,0.45254343073485487"
473,"0.5472581128689902,0.45274188713100977"
474,"0.5469686314098403,0.45303136859015963"
475,"0.5474465488157966,0.4525534511842034"
476,"0.5472886544205503,0.4527113455794498"
477,"0.5474616670877593,0.45253833291224066"
478,"0.5471409051721753,0.4528590948278248"
479,"0.5473286266921452,0.45267137330785473"
480,"0.5476330279157141,0.45236697208428595"
481,"0.5473955757260551,0.452604424273945"
482,"0.5476163082715428,0.4523836917284572"
483,"0.5477361730725047,0.45226382692749534"
484,"0.5475921705475252,0.4524078294524748"
485,"0.547354343516963,0.452645656483037"
486,"0.5471819635442153,0.4528180364557847"
487,"0.5475430569457769,0.452456943054223"
488,"0.5474640297412412,0.4525359702587588"
489,"0.5475624129421166,0.4524375870578834"
490,"0.5474566322595562,0.4525433677404438"
491,"0.5474339388899714,0.45256606111002856"
492,"0.5474315859860749,0.45256841401392517"
493,"0.5479819657954257,0.45201803420457426"
494,"0.5479575426100841,0.45204245738991594"
495,"0.54829714865542,0.45170285134457994"
496,"0.54855652079143,0.4514434792085699"
497,"0.5484060363409188,0.4515939636590812"
498,"0.5478299224067229,0.45217007759327715"
499,"0.5476840510367081,0.4523159489632919"
500,"0.5475190374695809,0.4524809625304192"
501,"0.5472908790627469,0.4527091209372532"
502,"0.547388616989578,0.45261138301042203"
503,"0.5469875673255984,0.4530124326744016"
504,"0.5474419739053848,0.4525580260946152"
505,"0.5472992954109352,0.4527007045890648"
506,"0.5472478910229102,0.45275210897708984"
507,"0.5468360482901695,0.4531639517098304"
508,"0.5466768131403295,0.4533231868596705"
509,"0.5464524761069122,0.45354752389308783"
510,"0.5475591787146108,0.4524408212853892"
511,"0.5474633275577305,0.4525366724422695"
512,"0.547245602498813,0.452754397501187"
513,"0.547033929796455,0.45296607020354485"
514,"0.5467125341192552,0.45328746588074487"
515,"0.5467585340400712,0.45324146595992887"
516,"0.546805364360473,0.453194635639527"
517,"0.5468193839508706,0.4531806160491294"
518,"0.5476169056088486,0.45238309439115143"
519,"0.547412954425688,0.45258704557431195"
520,"0.5484453564028078,0.4515546435971923"
521,"0.5485616807300717,0.4514383192699282"
522,"0.5484174564008215,0.45158254359917843"
523,"0.5481601819324781,0.45183981806752205"
524,"0.5492004780432271,0.45079952195677286"
525,"0.5491633700677994,0.45083662993220064"
526,"0.5489813475216154,0.45101865247838463"
527,"0.5491314630351772,0.4508685369648227"
528,"0.5490912075147684,0.45090879248523164"
529,"0.5486309200396441,0.45136907996035586"
530,"0.5486268723100485,0.45137312768995164"
531,"0.5483946413753743,0.45160535862462564"
532,"0.5484395308701017,0.45156046912989833"
533,"0.5479082859149765,0.45209171408502347"
534,"0.5477938438565512,0.4522061561434487"
535,"0.5483856188790881,0.45161438112091185"
536,"0.5483064988439168,0.45169350115608325"
537,"0.5481548299632883,0.4518451700367116"
538,"0.5482199490300192,0.45178005096998075"
539,"0.5477887699986754,0.4522112300013246"
540,"0.5488866103972072,0.45111338960279274"
541,"0.5486340791320637,0.45136592086793625"
542,"0.5482394325996343,0.45176056740036563"
543,"0.5483460990322573,0.45165390096774277"
544,"0.5484530529933784,0.4515469470066215"
545,"0.5489898990092874,0.4510101009907126"
546,"0.5488239939691151,0.4511760060308849"
547,"0.5486238964349636,0.4513761035650363"
548,"0.5490133818039408,0.4509866181960591"
549,"0.5490512434383632,0.4509487565616368"
550,"0.5484820368091831,0.451517963190817"
551,"0.5484139896167611,0.45158601038323887"
552,"0.5481941937273153,0.4518058062726847"
553,"0.5487517814031246,0.45124821859687536"
554,"0.5493749574905947,0.4506250425094053"
555,"0.550059492143221,0.4499405078567789"
556,"0.5493954039894554,0.45060459601054453"
557,"0.5496070823582748,0.45039291764172523"
558,"0.5488954144409786,0.45110458555902144"
559,"0.548895607609095,0.451104392390905"
560,"0.5488709831936045,0.45112901680639544"
561,"0.5484563124468439,0.45154368755315616"
562,"0.5483889228524778,0.4516110771475223"
563,"0.5480695367204346,0.45193046327956543"
564,"0.5477356193898043,0.45226438061019564"
565,"0.547984471894082,0.4520155281059181"
566,"0.5477283199243802,0.45227168007561974"
567,"0.5479881558328927,0.45201184416710727"
568,"0.5481399893780705,0.45186001062192943"
569,"0.5481323368302362,0.4518676631697638"
570,"0.5482947840408376,0.45170521595916235"
571,"0.5482164873006643,0.4517835126993356"
572,"0.5486304515448579,0.4513695484551421"
573,"0.5483591233077494,0.4516408766922506"
574,"0.5487468106916988,0.4512531893083011"
575,"0.5487144438891944,0.4512855561108055"
576,"0.5494011196504058,0.4505988803495941"
577,"0.5491758849776753,0.45082411502232467"
578,"0.5492638810640426,0.4507361189359575"
579,"0.5488207763892442,0.45117922361075585"
580,"0.5488428566682899,0.45115714333171014"
581,"0.548668190749403,0.45133180925059696"
582,"0.5488070207122434,0.4511929792877567"
583,"0.548987527189972,0.451012472810028"
584,"0.5489548277967751,0.45104517220322493"
585,"0.5485771674168541,0.45142283258314586"
586,"0.5486979410433546,0.4513020589566454"
587,"0.548464445187913,0.45153555481208696"
588,"0.5488097142917598,0.45119028570824016"
589,"0.5487898576775365,0.4512101423224634"
590,"0.5491713442692694,0.4508286557307306"
591,"0.5493700454591587,0.4506299545408414"
592,"0.5497566951215905,0.4502433048784095"
593,"0.5496474631947447,0.45035253680525533"
594,"0.5498089487266575,0.4501910512733425"
595,"0.5498928635985683,0.4501071364014318"
596,"0.5498428841650919,0.4501571158349082"
597,"0.5499298588441074,0.45007014115589267"
598,"0.549639478557778,0.45036052144222194"
599,"0.549690066741494,0.450309933258506"
600,"0.5498578368300233,0.4501421631699767"
601,"0.5498883236890999,0.4501116763109001"
602,"0.5496604875830362,0.45033951241696374"
603,"0.5498900470977509,0.4501099529022491"
604,"0.5501173912631303,0.4498826087368697"
605,"0.5500299095291806,0.44997009047081943"
606,"0.5497805256755691,0.4502194743244309"
607,"0.5500143404363128,0.4499856595636871"
608,"0.5510559787645806,0.4489440212354194"
609,"0.5511441727364701,0.44885582726352985"
610,"0.5508849096314137,0.4491150903685863"
611,"0.5508195564072396,0.44918044359276044"
612,"0.550557371641603,0.44944262835839693"
613,"0.5504187545804733,0.44958124541952665"
614,"0.5505922573887012,0.4494077426112989"
615,"0.5504683668603009,0.449531633139699"
616,"0.5515863658646877,0.4484136341353123"
617,"0.551691782009372,0.448308217990628"
618,"0.5515092138717929,0.4484907861282072"
619,"0.551359003728866,0.44864099627113396"
620,"0.551358176992306,0.44864182300769406"
621,"0.5516854763867313,0.44831452361326873"
622,"0.5517474619864855,0.44825253801351445"
623,"0.5514343632494196,0.4485656367505804"
624,"0.5516711357986792,0.4483288642013208"
625,"0.5521370854766181,0.4478629145233819"
626,"0.5519374671024676,0.44806253289753234"
627,"0.5517927521089935,0.4482072478910065"
628,"0.5524224826311805,0.44757751736881957"
629,"0.5520843472114514,0.44791565278854867"
630,"0.5528312904733609,0.44716870952663906"
631,"0.5524312882609087,0.4475687117390914"
632,"0.5519842980407513,0.44801570195924867"
633,"0.5522548932529205,0.44774510674707946"
634,"0.5521290296615351,0.4478709703384649"
635,"0.551902081004685,0.4480979189953151"
636,"0.5514877075734991,0.4485122924265009"
637,"0.5519359283376357,0.4480640716623643"
638,"0.5519829094505965,0.4480170905494035"
639,"0.5517477051439089,0.44825229485609097"
640,"0.5513175374284962,0.44868246257150374"
641,"0.5515746130735069,0.44842538692649314"
642,"0.5513009457988555,0.44869905420114453"
643,"0.5512170369116084,0.44878296308839155"
644,"0.5510097103636663,0.4489902896363337"
645,"0.5507575699980869,0.44924243000191316"
646,"0.5508051866517493,0.4491948133482506"
647,"0.5512199788854317,0.4487800211145682"
648,"0.5512879817349717,0.44871201826502827"
649,"0.5516455829855829,0.44835441701441714"
650,"0.5509867873196347,0.4490132126803653"
651,"0.5506464680654848,0.4493535319345152"
652,"0.55094581889893,0.44905418110107004"
653,"0.5512184726356777,0.44878152736432225"
654,"0.5511529506359836,0.4488470493640164"
655,"0.5512842143888516,0.4487157856111484"
656,"0.55173006587947,0.44826993412053"
657,"0.5517526799638217,0.44824732003617834"
658,"0.5521263609147001,0.4478736390852998"
659,"0.552677031926344,0.4473229680736559"
660,"0.5526389704228925,0.4473610295771076"
661,"0.5525751975784124,0.44742480242158755"
662,"0.5524707864934341,0.4475292135065659"
663,"0.5521530602889694,0.4478469397110306"
664,"0.5521749174456095,0.44782508255439046"
665,"0.5521799986237372,0.4478200013762628"
666,"0.5518114337187777,0.44818856628122233"
667,"0.5520897194996065,0.44791028050039344"
668,"0.5523060871551231,0.447693912844877"
669,"0.5527269533396262,0.44727304666037393"
670,"0.5523846017267922,0.4476153982732079"
671,"0.5527315532203027,0.4472684467796974"
672,"0.5529339074417092,0.44706609255829066"
673,"0.55326530256317,0.4467346974368301"
674,"0.5534631037605354,0.44653689623946446"
675,"0.5533692810529179,0.446630718947082"
676,"0.5542132820105131,0.44578671798948694"
677,"0.5551215095165497,0.4448784904834504"
678,"0.5550521859917102,0.44494781400828964"
679,"0.5548912174434735,0.4451087825565265"
680,"0.5549845247733606,0.4450154752266394"
681,"0.5554026187892083,0.4445973812107916"
682,"0.5551978581112992,0.4448021418887008"
683,"0.5553125769136675,0.4446874230863325"
684,"0.5552025885569447,0.4447974114430553"
685,"0.5553692564427342,0.44463074355726584"
686,"0.5556586658532199,0.4443413341467802"
687,"0.5558065023820065,0.4441934976179935"
688,"0.5555116271087879,0.4444883728912122"
689,"0.5554098989228539,0.44459010107714614"
690,"0.5557201774062421,0.44427982259375787"
691,"0.5557055327699961,0.4442944672300039"
692,"0.555592035068905,0.44440796493109497"
693,"0.555586178860464,0.44441382113953604"
694,"0.5562048114302632,0.4437951885697369"
695,"0.5559588443411045,0.4440411556588954"
696,"0.5569515784506858,0.4430484215493143"
697,"0.5572067040287385,0.4427932959712615"
698,"0.5569148666237318,0.44308513337626815"
699,"0.5569891847377734,0.4430108152622266"
700,"0.5568356732349651,0.44316432676503487"
701,"0.5568448963013596,0.44315510369864053"
702,"0.5568993951510846,0.4431006048489155"
703,"0.5571194742005748,0.4428805257994252"
704,"0.5573877749754627,0.4426122250245374"
705,"0.5578942493475161,0.44210575065248386"
706,"0.557837679182814,0.442162320817186"
707,"0.5580271060846409,0.44197289391535904"
708,"0.5585342181388062,0.44146578186119373"
709,"0.5594031597002321,0.440596840299768"
710,"0.5598676373649116,0.4401323626350884"
711,"0.5600526470933559,0.43994735290664416"
712,"0.559675646401016,0.440324353598984"
713,"0.5597175607731002,0.44028243922689986"
714,"0.5592462911186525,0.4407537088813475"
715,"0.5590937303046141,0.44090626969538604"
716,"0.5593895648194838,0.44061043518051624"
717,"0.5593671389272369,0.4406328610727631"
718,"0.5595487555437006,0.44045124445629935"
719,"0.5592571904472393,0.4407428095527606"
720,"0.5591293834855409,0.4408706165144591"
721,"0.5592308952139158,0.44076910478608433"
722,"0.5589509429525533,0.4410490570474467"
723,"0.5588710168331826,0.4411289831668175"
724,"0.5587837803431048,0.4412162196568952"
725,"0.558588736161415,0.441411263838585"
726,"0.5582881796069615,0.44171182039303847"
727,"0.5582653439480492,0.4417346560519508"
728,"0.5580196930522308,0.4419803069477693"
729,"0.5582041859923843,0.44179581400761564"
730,"0.5587111578232492,0.4412888421767508"
731,"0.5590156918179131,0.4409843081820869"
732,"0.5593736552311571,0.4406263447688429"
733,"0.5591468477219992,0.44085315227800076"
734,"0.5593127091287784,0.44068729087122166"
735,"0.5597318422975078,0.4402681577024922"
736,"0.5598498087089842,0.4401501912910159"
737,"0.5602042120850003,0.4397957879149997"
738,"0.5596735052451307,0.4403264947548693"
739,"0.5594079119287426,0.4405920880712574"
740,"0.559191957480607,0.440808042519393"
741,"0.5595626029111432,0.4404373970888568"
742,"0.559250605608999,0.440749394391001"
743,"0.5591459763027309,0.44085402369726906"
744,"0.5590066677301702,0.44099333226982984"
745,"0.5598483843776738,0.44015161562232624"
746,"0.5602814966169668,0.4397185033830332"
747,"0.5605514624085904,0.4394485375914096"
748,"0.5605514771414145,0.43944852285858543"
749,"0.560080445650555,0.43991955434944496"
750,"0.5599910426136463,0.44000895738635376"
751,"0.5603958790670638,0.43960412093293627"
752,"0.5603738342949258,0.4396261657050743"
753,"0.560411453427404,0.4395885465725961"
754,"0.5604952279854726,0.43950477201452737"
755,"0.5607729155874521,0.43922708441254793"
756,"0.5611678025303802,0.4388321974696198"
757,"0.5612798836827815,0.4387201163172185"
758,"0.5613559934349005,0.4386440065650995"
759,"0.5614371490820755,0.4385628509179244"
760,"0.5614187839189578,0.4385812160810423"
761,"0.5614909514461143,0.43850904855388584"
762,"0.5618876242325758,0.4381123757674243"
763,"0.5617692352930089,0.43823076470699107"
764,"0.5619473426842053,0.43805265731579474"
765,"0.5618269549549493,0.4381730450450507"
766,"0.5619372487330851,0.4380627512669149"
767,"0.5615494240402634,0.4384505759597366"
768,"0.5617397193133654,0.4382602806866346"
769,"0.56194415224419,0.43805584775580997"
770,"0.5618758431792691,0.43812415682073086"
771,"0.562277696636296,0.4377223033637041"
772,"0.5624990448283745,0.4375009551716254"
773,"0.5625994846150928,0.43740051538490726"
774,"0.562654025450181,0.43734597454981905"
775,"0.5627746431100917,0.43722535688990827"
776,"0.5629532194326181,0.43704678056738183"
777,"0.5635728165364015,0.4364271834635986"
778,"0.5637444103679673,0.43625558963203276"
779,"0.5641378996127085,0.4358621003872915"
780,"0.5641232579144458,0.43587674208555405"
781,"0.5642148832853908,0.4357851167146092"
782,"0.564302026385523,0.4356979736144771"
783,"0.5642719285475729,0.43572807145242703"
784,"0.5643166932232334,0.43568330677676653"
785,"0.5648407914753879,0.43515920852461204"
786,"0.56483558106158,0.43516441893842006"
787,"0.5651496360119354,0.4348503639880646"
788,"0.5653907321281519,0.4346092678718481"
789,"0.5662024370277421,0.433797562972258"
790,"0.5660823801564067,0.43391761984359334"
791,"0.5660826587179191,0.43391734128208087"
792,"0.5660231599596303,0.4339768400403697"
793,"0.5661670274156563,0.4338329725843437"
794,"0.5665856556749015,0.43341434432509857"
795,"0.5661596099681143,0.4338403900318857"
796,"0.5662403402735214,0.4337596597264786"
797,"0.566436567730496,0.433563432269504"
798,"0.5664479668341067,0.4335520331658933"
799,"0.5674833219161165,0.43251667808388355"
800,"0.5678619046961951,0.43213809530380487"
801,"0.5684374086721267,0.4315625913278733"
802,"0.5684346837231283,0.43156531627687167"
803,"0.5684705655860579,0.43152943441394204"
804,"0.5689292926212997,0.4310707073787004"
805,"0.569215776977984,0.430784223022016"
806,"0.569447172414153,0.43055282758584706"
807,"0.5695882272390181,0.43041177276098186"
808,"0.5695257041818786,0.43047429581812136"
809,"0.5694992828959149,0.4305007171040851"
810,"0.5693834545894406,0.43061654541055927"
811,"0.569248672786295,0.43075132721370496"
812,"0.5692589017573862,0.4307410982426138"
813,"0.5691644885398005,0.4308355114601994"
814,"0.5689458658935905,0.4310541341064094"
815,"0.5685887243004389,0.4314112756995611"
816,"0.5688395463104755,0.4311604536895245"
817,"0.5688914862336573,0.4311085137663426"
818,"0.5689408021875882,0.43105919781241164"
819,"0.568925001932649,0.431074998067351"
820,"0.5690789479244818,0.4309210520755183"
821,"0.5690269671844418,0.43097303281555827"
822,"0.5689700617005065,0.43102993829949365"
823,"0.5684551402897221,0.43154485971027795"
824,"0.5686361628740059,0.4313638371259942"
825,"0.5684699866309626,0.4315300133690374"
826,"0.5685760118389754,0.4314239881610246"
827,"0.568372343423626,0.43162765657637403"
828,"0.5680686641008301,0.43193133589917"
829,"0.5681951098162081,0.43180489018379187"
830,"0.5686526423266447,0.4313473576733552"
831,"0.5685551252720126,0.43144487472798737"
832,"0.5692756877915326,0.4307243122084674"
833,"0.5692613531601761,0.4307386468398239"
834,"0.5694813929613712,0.43051860703862865"
835,"0.5695343491567583,0.4304656508432417"
836,"0.56942104576181,0.43057895423819004"
837,"0.5697523523279678,0.4302476476720322"
838,"0.5702068119191135,0.42979318808088646"
839,"0.5698350388339617,0.43016496116603825"
840,"0.5695611546339455,0.43043884536605453"
841,"0.569685718240909,0.430314281759091"
842,"0.5698936684394479,0.4301063315605521"
843,"0.5700005070388414,0.4299994929611585"
844,"0.5701040604561901,0.42989593954381"
845,"0.5696988503564169,0.4303011496435832"
846,"0.5693280728344132,0.4306719271655867"
847,"0.5696676579564124,0.4303323420435876"
848,"0.5699210931155039,0.43007890688449607"
849,"0.5699013807259568,0.4300986192740432"
850,"0.5701059409074024,0.4298940590925976"
851,"0.5701518054126417,0.4298481945873584"
852,"0.5701904127535357,0.4298095872464644"
853,"0.5702131759828689,0.42978682401713103"
854,"0.5703982165774786,0.42960178342252137"
855,"0.5707764947672475,0.42922350523275254"
856,"0.5708597651987606,0.4291402348012394"
857,"0.5712303868296597,0.4287696131703404"
858,"0.5711099549628771,0.4288900450371229"
859,"0.5711201941686505,0.4288798058313496"
860,"0.5713248212511447,0.4286751787488554"
861,"0.571349617784323,0.428650382215677"
862,"0.5714632338226749,0.4285367661773251"
863,"0.5713269218523879,0.4286730781476122"
864,"0.5716488966825932,0.4283511033174069"
865,"0.5717446173538112,0.42825538264618884"
866,"0.5712933344769199,0.42870666552308"
867,"0.5711825311116911,0.4288174688883088"
868,"0.5711386532669638,0.4288613467330362"
869,"0.5710705679829278,0.42892943201707223"
870,"0.5708745240978146,0.4291254759021854"
871,"0.5712154390457149,0.42878456095428513"
872,"0.5713011343923371,0.42869886560766296"
873,"0.5714016372401128,0.4285983627598872"
874,"0.5716247623214648,0.4283752376785353"
875,"0.5716065761548265,0.4283934238451736"
876,"0.5715797148631692,0.42842028513683084"
877,"0.5715849591007137,0.4284150408992863"
878,"0.5713682782352918,0.42863172176470826"
879,"0.5717698818081373,0.4282301181918628"
880,"0.5715702705340988,0.4284297294659012"
881,"0.5716509332690854,0.4283490667309146"
882,"0.572170586572494,0.42782941342750597"
883,"0.5727968938483394,0.42720310615166057"
884,"0.5725773393282545,0.42742266067174545"
885,"0.5727126724916504,0.4272873275083495"
886,"0.57339315112633,0.42660684887367"
887,"0.5733325973694099,0.4266674026305902"
888,"0.5731106791377956,0.42688932086220444"
889,"0.5730469783348119,0.42695302166518806"
890,"0.5732807441187822,0.42671925588121773"
891,"0.5730399668303803,0.4269600331696197"
892,"0.5735833266425278,0.4264166733574723"
893,"0.5733209757285678,0.42667902427143223"
894,"0.5732001150787235,0.4267998849212765"
895,"0.573684296510881,0.42631570348911896"
896,"0.5739191043445194,0.4260808956554805"
897,"0.5741819913718808,0.42581800862811925"
898,"0.5744044300956145,0.42559556990438563"
899,"0.5741254617057409,0.42587453829425914"
900,"0.5746218340089346,0.42537816599106537"
901,"0.5748348938116126,0.4251651061883875"
902,"0.574754144995683,0.42524585500431694"
903,"0.5745772759590598,0.42542272404094017"
904,"0.57481845774865,0.42518154225134996"
905,"0.5748276917811762,0.42517230821882374"
906,"0.5744997887539115,0.42550021124608844"
907,"0.5745105524076682,0.4254894475923317"
908,"0.5742891282066712,0.4257108717933288"
909,"0.5742761435220803,0.4257238564779197"
910,"0.5748266765902188,0.42517332340978115"
911,"0.5754553107873471,0.42454468921265287"
912,"0.5752380979988984,0.42476190200110164"
913,"0.5753975121431621,0.42460248785683785"
914,"0.5758486143141834,0.4241513856858167"
915,"0.5757085046679637,0.4242914953320362"
916,"0.5763394873744324,0.4236605126255676"
917,"0.5767957427460866,0.4232042572539134"
918,"0.5768999939945958,0.42310000600540415"
919,"0.576935780028348,0.423064219971652"
920,"0.5770141035620328,0.4229858964379672"
921,"0.5769909385662005,0.4230090614337994"
922,"0.5768274563043378,0.42317254369566204"
923,"0.5768690273458993,0.42313097265410066"
924,"0.5763457549883141,0.42365424501168586"
925,"0.5761294109693781,0.42387058903062186"
926,"0.5761295423232301,0.4238704576767699"
927,"0.5760834424438128,0.4239165575561872"
928,"0.5760577673266186,0.4239422326733814"
929,"0.5758152794013077,0.4241847205986923"
930,"0.5761757236572373,0.4238242763427626"
931,"0.5762459185592907,0.4237540814407093"
932,"0.5762621298820861,0.4237378701179139"
933,"0.5764744690583492,0.4235255309416508"
934,"0.5769213354368296,0.42307866456317045"
935,"0.5773584605743913,0.4226415394256086"
936,"0.5780795453310976,0.42192045466890243"
937,"0.5780061656829878,0.4219938343170121"
938,"0.5783493608987336,0.4216506391012665"
939,"0.5780248396257518,0.42197516037424826"
940,"0.5780632198249186,0.4219367801750814"
941,"0.57771719253653,0.4222828074634699"
942,"0.5775975097797493,0.4224024902202506"
943,"0.5774836435357462,0.4225163564642538"
944,"0.5777097036494213,0.4222902963505787"
945,"0.5777195981062123,0.42228040189378774"
946,"0.5778944941661,0.42210550583389994"
947,"0.5778662249518343,0.4221337750481658"
948,"0.5779233097957347,0.42207669020426536"
949,"0.5783394173585729,0.4216605826414271"
950,"0.5787735301346174,0.42122646986538265"
951,"0.5793829853355592,0.4206170146644408"
952,"0.5793800171172863,0.42061998288271385"
953,"0.579450157383955,0.420549842616045"
954,"0.5794263538971661,0.4205736461028338"
955,"0.5794467153389856,0.4205532846610144"
956,"0.5792083152165178,0.42079168478348206"
957,"0.5789910382046942,0.4210089617953058"
958,"0.5791396355333014,0.42086036446669856"
959,"0.57903140959232,0.42096859040768"
960,"0.578582370353733,0.4214176296462669"
961,"0.5785357529881041,0.4214642470118959"
962,"0.5786844381652134,0.4213155618347867"
963,"0.578805283409902,0.421194716590098"
964,"0.5786604443840322,0.42133955561596775"
965,"0.5789800937315317,0.42101990626846836"
966,"0.5793211276720663,0.4206788723279338"
967,"0.579236808710292,0.42076319128970796"
968,"0.5790457140818351,0.42095428591816486"
969,"0.5791842585988044,0.42081574140119565"
970,"0.5790647039592945,0.4209352960407054"
971,"0.5793713876167632,0.42062861238323684"
972,"0.5794624565470781,0.42053754345292205"
973,"0.579347110188884,0.42065288981111604"
974,"0.5794000975840636,0.4205999024159364"
975,"0.5792976367392696,0.42070236326073035"
976,"0.5794882569953885,0.42051174300461147"
977,"0.57939525659308,0.42060474340691995"
978,"0.5793897317852265,0.42061026821477354"
979,"0.5790540091839305,0.4209459908160696"
980,"0.5792209538584615,0.42077904614153855"
981,"0.5794020368258302,0.42059796317416975"
982,"0.579741562876163,0.42025843712383704"
983,"0.580043132083101,0.41995686791689907"
984,"0.5801101811074664,0.4198898188925336"
985,"0.5797977268498212,0.4202022731501788"
986,"0.5798531647430935,0.42014683525690644"
987,"0.5803524992179431,0.4196475007820569"
988,"0.5799201289936357,0.4200798710063644"
989,"0.5802651917433825,0.4197348082566175"
990,"0.5803788919867626,0.4196211080132373"
991,"0.5804601429048986,0.41953985709510144"
992,"0.5812338358861061,0.4187661641138939"
993,"0.5813074595150657,0.4186925404849343"
994,"0.5814044664831818,0.4185955335168182"
995,"0.5814677680982299,0.41853223190177014"
996,"0.5816526078668873,0.41834739213311267"
997,"0.5806648289985107,0.4193351710014893"
998,"0.5810317285318178,0.41896827146818216"
999,"0.5811169261691004,0.4188830738308995"
